observation_id,source_id,domain,source,url,date_context,evidence_type,observation,independence_note
O01,S01,Culture,Silent Book Club,https://silentbook.club/pages/about-us,Undated; retrieved 2026-09-30,Operator description,Participants bring their own reading rather than completing an assigned book.,Same operator pages are not independent corroboration; studies concern sampled platforms and populations.
O02,S01,Culture,Silent Book Club,https://silentbook.club/pages/about-us,Undated; retrieved 2026-09-30,Operator description,Socializing after the shared reading period is optional.,Same operator pages are not independent corroboration; studies concern sampled platforms and populations.
O03,S02,Everyday practice,Repair Café,https://www.repaircafe.org/en/about/,Undated; retrieved 2026-09-30,Operator description,Visitors repair objects together with skilled volunteers.,Same operator pages are not independent corroboration; studies concern sampled platforms and populations.
O04,S02,Everyday practice,Repair Café,https://www.repaircafe.org/en/about/,Undated; retrieved 2026-09-30,Operator description,People without a repair item may have a drink or help someone else.,Same operator pages are not independent corroboration; studies concern sampled platforms and populations.
O05,S03,Culture,The Lot Radio,https://www.thelotradio.com/about,Undated; retrieved 2026-09-30,Operator description,A physical studio supplies a continuous online music broadcast.,Same operator pages are not independent corroboration; studies concern sampled platforms and populations.
O06,S03,Culture,The Lot Radio,https://www.thelotradio.com/about,Undated; retrieved 2026-09-30,Operator description,Its public kiosk offers an on-site encounter alongside online listening.,Same operator pages are not independent corroboration; studies concern sampled platforms and populations.
O07,S04,Hospitality,The Long Table,https://thelongtableonline.com/aboutus,Undated; retrieved 2026-09-30,Operator description,Hot meals are described as pay-as-you-can.,Same operator pages are not independent corroboration; studies concern sampled platforms and populations.
O08,S04,Hospitality,The Long Table,https://thelongtableonline.com/aboutus,Undated; retrieved 2026-09-30,Operator description,Shared eating and local community relationships are explicit operating purposes.,Same operator pages are not independent corroboration; studies concern sampled platforms and populations.
O09,S05,Service infrastructure,Library of Things borrowing,https://www.libraryofthings.co.uk/how-borrowing-works,Undated; retrieved 2026-09-30,Operator description,Users reserve useful equipment and collect it at local kiosks.,Same operator pages are not independent corroboration; studies concern sampled platforms and populations.
O10,S05,Service infrastructure,Library of Things borrowing,https://www.libraryofthings.co.uk/how-borrowing-works,Undated; retrieved 2026-09-30,Operator description,Skill-sharing sessions provide a learning route alongside equipment access.,Same operator pages are not independent corroboration; studies concern sampled platforms and populations.
O11,S06,Service infrastructure,Library of Things terms,https://www.libraryofthings.co.uk/terms-of-borrowing,Undated; retrieved 2026-09-30,Operator rules,"Borrowing requires membership, identity verification, and a connected payment card.",Same operator pages are not independent corroboration; studies concern sampled platforms and populations.
O12,S06,Service infrastructure,Library of Things terms,https://www.libraryofthings.co.uk/terms-of-borrowing,Undated; retrieved 2026-09-30,Operator rules,"Borrowers have responsibilities to return equipment complete, clean, on time, and working, or report problems.",Same operator pages are not independent corroboration; studies concern sampled platforms and populations.
O13,S07,Technology,Are.na blocks,https://help.are.na/docs/getting-started/blocks,Undated; retrieved 2026-09-30,Product documentation,"Blocks can contain files, links, or text.",Same operator pages are not independent corroboration; studies concern sampled platforms and populations.
O14,S07,Technology,Are.na blocks,https://help.are.na/docs/getting-started/blocks,Undated; retrieved 2026-09-30,Product documentation,"A public block can belong to multiple channels, accumulating different contexts.",Same operator pages are not independent corroboration; studies concern sampled platforms and populations.
O15,S08,Technology,Are.na channels,https://help.are.na/docs/getting-started/channels,Undated; retrieved 2026-09-30,Product documentation,Channels collect blocks and other channels.,Same operator pages are not independent corroboration; studies concern sampled platforms and populations.
O16,S08,Technology,Are.na channels,https://help.are.na/docs/getting-started/channels,Undated; retrieved 2026-09-30,Product documentation,"Private, closed, and open channels distinguish who can see and who can contribute.",Same operator pages are not independent corroboration; studies concern sampled platforms and populations.
O17,S09,Participatory research,Zooniverse about,https://www.zooniverse.org/about,Undated; retrieved 2026-09-30,Operator description,Volunteers learn a project classification process and contribute research judgments.,Same operator pages are not independent corroboration; studies concern sampled platforms and populations.
O18,S09,Participatory research,Zooniverse about,https://www.zooniverse.org/about,Undated; retrieved 2026-09-30,Operator description,Projects combine multiple volunteer contributions and offer discussion boards for deeper participation.,Same operator pages are not independent corroboration; studies concern sampled platforms and populations.
O19,S10,Participatory research,Zooniverse AI framework,https://www.zooniverse.org/about/ai-ethics,Framework states launched 2026; retrieved 2026-09-30,Operator guidance,Guidance warns that automating easy tasks can narrow participation unless newcomers have an onramp.,Same operator pages are not independent corroboration; studies concern sampled platforms and populations.
O20,S10,Participatory research,Zooniverse AI framework,https://www.zooniverse.org/about/ai-ethics,Framework states launched 2026; retrieved 2026-09-30,Operator guidance,Projects should disclose AI use and retain access to source context when volunteers review machine output.,Same operator pages are not independent corroboration; studies concern sampled platforms and populations.
O21,S11,Institutional archive,Citizen DJ,https://citizen-dj.labs.loc.gov/about/,Project period 2019–2020; retrieved 2026-09-30,Project description,"Selected free-to-use archival sounds are offered through exploration, remixing, and downloadable sample packs.",Same operator pages are not independent corroboration; studies concern sampled platforms and populations.
O22,S11,Institutional archive,Citizen DJ,https://citizen-dj.labs.loc.gov/about/,Project period 2019–2020; retrieved 2026-09-30,Project description,"Underuse, cultural relevance, and permissions are explicit material-selection considerations.",Same operator pages are not independent corroboration; studies concern sampled platforms and populations.
O23,S12,Everyday exchange,Buy Nothing guidelines,https://buynothingproject.org/guidelines,Guidelines marked updated 2023-11-19; retrieved 2026-09-30,Operator rules,"Giving and asking include skills, time, assistance, and goods without an expected return gift.",Same operator pages are not independent corroboration; studies concern sampled platforms and populations.
O24,S12,Everyday exchange,Buy Nothing guidelines,https://buynothingproject.org/guidelines,Guidelines marked updated 2023-11-19; retrieved 2026-09-30,Operator rules,Marketing and recruitment are prohibited; the guidance also acknowledges that offers or requests may go unanswered.,Same operator pages are not independent corroboration; studies concern sampled platforms and populations.
O25,S13,Research on everyday behavior,Community gifting groups on Facebook,https://arxiv.org/abs/2211.09043,2022-11-16; retrieved 2026-09-30,Research abstract; historical observational study,The study reports lower existing Facebook friendship densities in gifting groups than other local groups.,Same operator pages are not independent corroboration; studies concern sampled platforms and populations.
O26,S13,Research on everyday behavior,Community gifting groups on Facebook,https://arxiv.org/abs/2211.09043,2022-11-16; retrieved 2026-09-30,Research abstract; historical observational study,The study reports greater popularity in dense urban US counties with higher educational attainment.,Same operator pages are not independent corroboration; studies concern sampled platforms and populations.
O27,S14,Research on participation,Science Learning via Participation in Online Citizen Science,https://arxiv.org/abs/1601.05973,2016-01-22; retrieved 2026-09-30,Research abstract; historical observational study,More active participation was associated with better project-specific science quiz performance after controls.,Same operator pages are not independent corroboration; studies concern sampled platforms and populations.
O28,S14,Research on participation,Science Learning via Participation in Online Citizen Science,https://arxiv.org/abs/1601.05973,2016-01-22; retrieved 2026-09-30,Research abstract; historical observational study,The abstract distinguishes evidence about content knowledge from untested learning about scientific processes.,Same operator pages are not independent corroboration; studies concern sampled platforms and populations.
O29,S15,Gathering infrastructure,Meetup organizer responsibility,https://help.meetup.com/hc/en-us/articles/39428334646541-Who-pays-for-a-Meetup-group,Undated; retrieved 2026-09-30,Operator rules,A local primary organizer must hold an active organizer subscription.,Same operator pages are not independent corroboration; studies concern sampled platforms and populations.
O30,S15,Gathering infrastructure,Meetup organizer responsibility,https://help.meetup.com/hc/en-us/articles/39428334646541-Who-pays-for-a-Meetup-group,Undated; retrieved 2026-09-30,Operator rules,Organizers may collect member dues or event fees to help cover costs.,Same operator pages are not independent corroboration; studies concern sampled platforms and populations.
